"ID.hg19"	"ID.hg38"
"chr7:6031668_C/G"	"chr7:5992037_C/G"
"chr7:6031660_T/C"	"chr7:5992029_T/C"
"chr7:6031658_T/C"	"chr7:5992027_T/C"
"chr7:6027157_TT/CC"	"chr7:5987526_TT/CC"
"chr7:6027035_AG/GA"	"chr7:5987404_AG/GA"
"chr7:6027017_C/T"	"chr7:5987386_C/T"
"chr7:6026959_G/C"	"chr7:5987328_G/C"
"chr7:6026908_G/A"	"chr7:5987277_G/A"
"chr7:6026840_T/C"	"chr7:5987209_T/C"
"chr7:6026837_G/A"	"chr7:5987206_G/A"
"chr7:6026829_A/T"	"chr7:5987198_A/T"
"chr7:6026775_T/C"	"chr7:5987144_T/C"
"chr7:6026707_TC/CT"	"chr7:5987076_TC/CT"
"chr7:6026682_C/T"	"chr7:5987051_C/T"
"chr7:6026679_T/A"	"chr7:5987048_T/A"
"chr7:6026665_C/CT"	"chr7:5987034_C/CT"
"chr7:6026664_G/A"	"chr7:5987033_G/A"
"chr7:6026656_T/C"	"chr7:5987025_T/C"
"chr7:6026636_C/T"	"chr7:5987005_C/T"
"chr7:6026625_A/G"	"chr7:5986994_A/G"
"chr7:6026601_C/T"	"chr7:5986970_C/T"
"chr7:6026598_T/C"	"chr7:5986967_T/C"
"chr7:6026590_G/A"	"chr7:5986959_G/A"
"chr7:6026541_C/T"	"chr7:5986910_C/T"
"chr7:6026530_CAT/C"	"chr7:5986899_CAT/C"
"chr7:6026444_T/C"	"chr7:5986813_T/C"
"chr7:6018249_A/G"	"chr7:5978618_A/G"
"chr7:6017340_T/C"	"chr7:5977709_T/C"
